{
  "accuracy": 0.8166666666666667,
  "macro_f1": 0.8089982345333968,
  "weighted_f1": 0.8123567375252786,
  "per_class_f1": [
    0.9090909090909091,
    0.9019607843137255,
    0.8846153846153846,
    0.8837209302325582,
    0.6153846153846154,
    0.7586206896551724,
    0.7317073170731707,
    0.7868852459016393
  ]
}