{
  "accuracy": 0.48333333333333334,
  "macro_f1": 0.436662808807192,
  "weighted_f1": 0.46577366272767146,
  "per_class_f1": [
    0.7916666666666666,
    0.5652173913043478,
    0.576271186440678,
    0.45161290322580644,
    0.36363636363636365,
    0.0,
    0.24489795918367346,
    0.5
  ]
}